<?xml version="1.0" encoding="ISO-8859-1" ?>

<route>
	<area pos="1" id="0">	<!-- Citadel: Prison -->
		<bestEver><!-- Lowest ever time -->
			2818090000
		</bestEver>
		<PBTime><!-- Segment time from best overall run -->
			2818090000
		</PBTime>
		<splitNote>
		</splitNote>
	</area>
	<area pos="2" id="11">	<!-- Principal: Harbour -->
		<bestEver><!-- Lowest ever time -->
			3138740000
		</bestEver>
		<PBTime><!-- Segment time from best overall run -->
			3138740000
		</PBTime>
		<splitNote>
		</splitNote>
	</area>
	<area pos="3" id="39">	<!-- White leaf: Military camp -->
		<bestEver><!-- Lowest ever time -->
			2500380000
		</bestEver>
		<PBTime><!-- Segment time from best overall run -->
			2500380000
		</PBTime>
		<splitNote>
		</splitNote>
	</area>
	<area pos="4" id="42">	<!-- Proxima: Proxim City -->
		<bestEver><!-- Lowest ever time -->
			1194760000
		</bestEver>
		<PBTime><!-- Segment time from best overall run -->
			1194760000
		</PBTime>
		<splitNote>
		</splitNote>
	</area>
	<area pos="5" id="72">	<!-- Hamalayi Mountains: Catamaran Dock -->
		<bestEver><!-- Lowest ever time -->
			1700620000
		</bestEver>
		<PBTime><!-- Segment time from best overall run -->
			1700620000
		</PBTime>
		<splitNote>
		</splitNote>
	</area>
	<area pos="6" id="97">	<!-- Brundle Island: Docks -->
		<bestEver><!-- Lowest ever time -->
			1500240000
		</bestEver>
		<PBTime><!-- Segment time from best overall run -->
			1500240000
		</PBTime>
		<splitNote>
		</splitNote>
	</area>
	<area pos="7" id="100">	<!-- Fortress Island: Docks -->
		<bestEver><!-- Lowest ever time -->
			2143750000
		</bestEver>
		<PBTime><!-- Segment time from best overall run -->
			2143750000
		</PBTime>
		<splitNote>
		</splitNote>
	</area>
	<area pos="8" id="115">	<!-- Polar Island: 1st scene -->
		<bestEver><!-- Lowest ever time -->
			1481470000
		</bestEver>
		<PBTime><!-- Segment time from best overall run -->
			1481470000
		</PBTime>
		<splitNote>
		</splitNote>
	</area>
	<area pos="9" id="114">	<!-- Polar: End scene -->
		<bestEver><!-- PB Time -->
			16916630000
		</bestEver>
		<PBTime><!-- Sum of best -->
			16916630000
		</PBTime>
		<splitNote>
		</splitNote>
	</area>
</route>