<?xml version="1.0" encoding="ISO-8859-1"?>
<options>
  <LBADir>R:\GOG Games\Little Big Adventure_Clean</LBADir>
  <interval>10</interval>
  <deleteSaves>True</deleteSaves>
  <currentRouteFile>R:\Users\User\source\repos\LBAAutoSplitter\bin\Release\files\routeFiles\route.xml</currentRouteFile>
  <autoSaveSplits>True</autoSaveSplits>
  <showSubArea>False</showSubArea>
  <showMessageBoxOnRunEnd>True</showMessageBoxOnRunEnd>
  <alwaysOnTop>False</alwaysOnTop>
  <precisionDigits>3</precisionDigits>
  <disableAutoZoom>True</disableAutoZoom>
  <defaultInventorySquare>True</defaultInventorySquare>
  <saveColumnWidths>True</saveColumnWidths>
  <transparentBackground>False</transparentBackground>
  <backgroundColour>0</backgroundColour>
  <foreColour>0</foreColour>
  <startTimeDelay>820</startTimeDelay>
  <mainLVColumnWidths>
    <areaName>96</areaName>
    <differenceBest>0</differenceBest>
    <differencePB>0</differencePB>
    <time>70</time>
  </mainLVColumnWidths>
  <mainWindow>
    <positionX />
    <positionY />
    <height />
    <width />
    <alwaysOnTop>
			False
	</alwaysOnTop>
  </mainWindow>
  <notesWindow>
    <positionX />
    <positionY />
    <height />
    <width />
    <alwaysOnTop />
  </notesWindow>
</options>