<?xml version="1.0" encoding="ISO-8859-1"?>
<route>
  <area pos="1" id="0">
    <!-- Citadel: Prison -->
    <bestEver>3673244985</bestEver>
    <PBTime>3673244985</PBTime>
    <splitNote>
    </splitNote>
  </area>
  <area pos="2" id="11">
    <!-- Principal: Harbour -->
    <bestEver>4138947687</bestEver>
    <PBTime>4138947687</PBTime>
    <splitNote>
    </splitNote>
  </area>
  <area pos="3" id="39">
    <!-- White leaf: Military camp -->
    <bestEver>3057500483</bestEver>
    <PBTime>3057500483</PBTime>
    <splitNote>
    </splitNote>
  </area>
  <area pos="4" id="42">
    <!-- Proxima: Proxim City -->
    <bestEver>1288088509</bestEver>
    <PBTime>1288088509</PBTime>
    <splitNote>
    </splitNote>
  </area>
  <area pos="5" id="72">
    <!-- Hamalayi Mountains: Catamaran Dock -->
    <bestEver>2279689467</bestEver>
    <PBTime>2939221507</PBTime>
    <splitNote>
    </splitNote>
  </area>
  <area pos="6" id="97">
    <!-- Brundle Island: Docks -->
    <bestEver>1672040202</bestEver>
    <PBTime>1895794047</PBTime>
    <splitNote>
    </splitNote>
  </area>
  <area pos="7" id="100">
    <!-- Fortress Island: Docks -->
    <bestEver>2725135126</bestEver>
    <PBTime>2725135126</PBTime>
    <splitNote>
    </splitNote>
  </area>
  <area pos="8" id="115">
    <!-- Polar Island: 1st scene -->
    <bestEver>2340000038</bestEver>
    <PBTime>2340000038</PBTime>
    <splitNote>
    </splitNote>
  </area>
  <area pos="9" id="114">
    <!-- Polar: End scene -->
    <bestEver>21174646497</bestEver>
    <PBTime>22057932382</PBTime>
    <splitNote>
      <!-- Save note associated with split to display at run time -->
    </splitNote>
  </area>
</route>