<?xml version="1.0" encoding="iso-8859-1"?>
<route>
	<area pos="1" id="11">
		<bestEver />
		<PBTime />
	</area>
	<area pos="2" id="12">
		<bestEver />
		<PBTime />
	</area>
	<area pos="3" id="105">
		<bestEver />
		<PBTime />
	</area>
	<area pos="4" id="12">
		<bestEver />
		<PBTime />
	</area>
	<area pos="5" id="13">
		<bestEver />
		<PBTime />
	</area>
	<area pos="6" id="29">
		<bestEver />
		<PBTime />
	</area>
	<area pos="7" id="12">
		<bestEver />
		<PBTime />
	</area>
	<area pos="8" id="18">
		<bestEver />
		<PBTime />
	</area>
	<area pos="9" id="10">
		<bestEver />
		<PBTime />
	</area>
	<area pos="10" id="18">
		<bestEver />
		<PBTime />
	</area>
	<area pos="11" id="19">
		<bestEver />
		<PBTime />
	</area>
	<area pos="12" id="24">
		<bestEver />
		<PBTime />
	</area>
	<area pos="13" id="39">
		<bestEver />
		<PBTime />
	</area>
</route>